EMP_ID,FIRST_NAME,LAST_NAME,SALARY,DEP_ID
1,John,Doe,30500,1
2,Jane,Smith,31000,2
3,Robert,Brown,31500,3
4,Emily,Davis,32000,4
5,Michael,Johnson,32500,5
6,Sarah,Wilson,33000,1
7,David,Martinez,33500,2
8,Laura,Garcia,34000,3
9,James,Miller,34500,4
10,Olivia,Anderson,35000,5
11,Liam,Clark,35500,1
12,Noah,Lewis,36000,2
13,Ethan,Walker,36500,3
14,Mason,Hall,37000,4
15,Logan,Allen,37500,5
16,Lucas,Young,38000,1
17,Alexander,Hernandez,38500,2
18,Elijah,King,39000,3
19,Matthew,Wright,39500,4
20,Daniel,Lopez,40000,5
21,Henry,Scott,40500,1
22,Jackson,Green,41000,2
23,Sebastian,Adams,41500,3
24,Aiden,Baker,42000,4
25,Owen,Gonzalez,42500,5
26,Wyatt,Nelson,43000,1
27,Jack,Carter,43500,2
28,Luke,Mitchell,44000,3
29,Jayden,Perez,44500,4
30,Grayson,Roberts,45000,5
31,Gabriel,Phillips,45500,1
32,Carter,Evans,46000,2
33,Isaac,Turner,46500,3
34,Lincoln,Torres,47000,4
35,Anthony,Parker,47500,5
36,Hudson,Collins,48000,1
37,Dylan,Edwards,48500,2
38,Ezra,Stewart,49000,3
39,Thomas,Morris,49500,4
40,Charles,Rogers,50000,5
333,Shubham,Panchal,760000,3
1111,Emily,Davis,32000,1
1222,Michael,Johnson,32500,1
44444,Sarah,Wilson,33000,1
55555,David,Martinez,33500,1
12121,Emily,Davis,32000,3
